unique_id,Name,Address,City,State,is_closed
KYEXWRFB,Cold Stone Creamery,1051 N DUPONT HWY,DOVER,DE,Y
RBTOLZHM,Joe's Auto Park,917 S MAIN ST,LOS ANGELES,CA,Y
LGMVJKXF,Flowers Baking Co,1649 S LEE HWY,CLEVELAND,TN,N
YRTVXNOP,Industrial Ceramics,1225 AEROPLAZA DR,COLORADO SPRINGS,CO,N
ENDVKYZS,CHARLES H. STEINMEYER PHD,18 PROSPECT ST,WARREN,PA,N
IOKYHJUS,commercial projection,27005 SCHADY RD,OLMSTED TWP,OH,Y
MOKJRWQZ,Culver Insurance,100 S MERRILL AVE,GLENDIVE,MT,Y
WDYZFRNX,THE CHILDREN'S PLACE,1201 SHOAL CRK,LEWISVILLE,TX,N
FSQTWAKD,KEY DRUG SCREENING INC,311 POPLAR VIEW LN W STE 1,COLLIERVILLE,TN,N
AYRNCULQ,Advanced Aesthetic Dentistry,4330 CALDER AVE,BEAUMONT,TX,N
FIMVAPHB,Hertlein Leonard J,335 NW 50TH ST,TOPEKA,KS,N
DKLVTXEQ,NATHAN P.A. MEASE LLC,9120 FIR DR,THORNTON,CO,N
UTWFALSJ,Knott Teresa H DDS,2121 NORTHWEST HWY STE 112,GARLAND,TX,N
ERIQBHWF,US Post Office,307 LOCKHART ST,MARTINDALE,TX,Y
NAGEZPKB,Spartanburg Regional Medical,2680 BISHOP RD,INMAN,SC,N
QFYXIBER,"Troy Mediterranean Cuisine "" Islands""",346 JOHNNY MERCER BLVD STE B,WILMINGTON ISLAND,GA,N
XOYMDICW,James W Epps Agency,414 N MAIN ST,CREEDMOOR,NC,N
XMGJRWYA,Pho 99 Restaurant,2200 W ALAMEDA AVE,DENVER,CO,N
ENWCXDQI,US Orthopedx,20 E DUNLOUP RD,SHAWNEE,OK,N
UXFHOZWP,Dr. Thomas L. Periou MD,198 BELLE TERRE BLVD,COVINGTON,LA,N
JNGRPALX,Five Guys Burgers and Fries,7091 SECURITY BLVD,WINDSOR MILL,MD,N
XECMNBGV,MERRICK SERVICES LLC,401 WOODLAND OAKS TRL,BUDA,TX,N
QAMLXPFO,Heart of David Ministries,202 S CHURCH ST,FREMONT,NC,N
TDUGFMNC,DOURMASHKIN MICHAEL R M.D.,4230 HEMPSTEAD TPKE STE 200,BETHPAGE,NY,N
QCFKZJEG,SOUTHWEST MISSOURI STATE UNIV.,411 W MAIN ST,WEST PLAINS,MO,N
EXZFGIHT,RESTAURANT,2125 N 14TH ST,PONCA CITY,OK,Y
XIONRQUH,B K Electric,801 W PENNSYLVANIA AVE,DOWNINGTOWN,PA,Y
TAEUOPGK,Rozental Arnie DDS,15 SILVERSPRING DR,LAKEWOOD,NJ,N
WNYTUOKZ,OS CLEANING SPECIALISTS CORP,53 JACKSON AVE,WAYNE,NJ,Y
WXZVEKAC,Works Concepts Inc.,8721 W SUNSET BLVD,WEST HOLLYWOOD,CA,Y
PHMEJDGT,Tracy D. Fountain BHRS,27753 S WELLING RD,WELLING,OK,N
STAQKXDZ,BCI,74 E PLAIN ST,WAYLAND,MA,N
VIQGYAPT,Van Steenberghe,1149 N MOONMIST CT,SARASOTA,FL,N
MBXJFQTP,AHHS,4501 WEST FWY,FORT WORTH,TX,N
WKQMEDZF,KWON STEVE O MD,950 N STATE ST STE B,HEMET,CA,N
UAGQBNIM,Essence of Beauty,200 MEADE ST,TYRONE,PA,N
QLPZSDYC,Outsource Technical LLC,2 CORPORATE PLAZA DR STE 125,NEWPORT BEACH,CA,N
URBVAPIY,Moby's Restaurant,725 PIKE ST STE 10,SEATTLE,WA,N
JLIOUZYQ,Successful 7 Investors,14245 DREXEL AVE,DOLTON,IL,N
PMBYQRLE,HUGHEY LAW PC,117 N MONROE ST,MEDIA,PA,N
JDITWSQF,US POST OFFICE,204 E LOGAN ST,LONGVIEW,IL,N
ABOVGPUN,Wizards Knoll Jewelry Fairies and More,4477 INDIAN CREEK RD,MINERAL,VA,Y
UJMQBHEV,Off The Top,1361 ELM ST,MANCHESTER,NH,N
MDUFBLOS,Sanctuary Tattoo,31 FOREST AVE,PORTLAND,ME,N
CFSDTPRW,Rite Care Clinic Of Ardmore,911 W BROADWAY ST,ARDMORE,OK,Y
XUDEGJHL,HEALTH N NUTRITION GALAXY,243 W 231ST ST,BRONX,NY,N
UPGAKJSR,Sandy's Sports Bar,15086 S INTERSTATE 35,BRUCEVILLE,TX,N
SWLYKDHU,the safehouse,1401 5TH AVE,BELLE FOURCHE,SD,Y
BNPHQIRE,TIGER MART,904 INTERSTATE 70 DR SW,COLUMBIA,MO,N
UVNJLCFD,Lexington Charles Limited,201 W CHASE ST,BALTIMORE,MD,N
EYMSXUHV,Aol Heating & Air,23427 SCHOOLCRAFT ST,WEST HILLS,CA,Y
FTXPAYOJ,Incredible Dave's - TN,1000 RIVERGATE PKWY,GOODLETTSVILLE,TN,Y
JZMKDGRO,Romancing The Stone,3929 MCCAIN BLVD STE J05F,NORTH LITTLE ROCK,AR,N
BHINRAZX,weinholt frank md,141 DESIARD ST APT 200,MONROE,LA,Y
AIHBRPYU,CRYSTAL LOGIC,1222 E SARAGOSA ST,CHANDLER,AZ,N
GDJMFVTK,DETAILS,1975 MURGUIA AVE,SANTA CLARA,CA,N
ENAXFVRT,Finger Lakes DDSO,703 E MAPLE AVE,NEWARK,NY,N
RWOITJEF,Relocators,1028 E DEVON AVE,BARTLETT,IL,N
TXLQJWDO,INNOVUS,5220 SPRING VALLEY RD STE 195,DALLAS,TX,N
CRVWNUDM,Shoe Carnival,43151 CRESCENT BLVD,NOVI,MI,N
JCSWXTIR,A TO Z STEAM CLEANING SVC.,4223 W PERSHING AVE,PHOENIX,AZ,Y
ERFHWQNO,Jon Yatsushiro DDS,1550 NW EASTMAN PKWY STE 265,GRESHAM,OR,N
TMPNYBXE,Puppy Bubbles,101 N 2ND AVE,BEECH GROVE,IN,N
YGVQJSZU,Gnc,12620 WOODFOREST BLVD STE 180,HOUSTON,TX,N
TVEMULDI,Moore Michael A,10500 NE 8TH ST,BELLEVUE,WA,Y
NCGREBWY,The Soccer Brothel,3 DARTMOUTH ST,WALTHAM,MA,N
HNZRPOQV,The Madison,9795 FORUM PARK DR # 9865,HOUSTON,TX,N
LNXIYTQK,BizInsQuotes.com,3129 TIGER RUN CT,CARLSBAD,CA,N
QCNSWAUV,Budget Lodge Motel,17011 EAST FWY,CHANNELVIEW,TX,N
FPSNZAUC,SOUTHERN BARTENDER SVC.,1043 PROVINCIAL CIR UNIT C,MT PLEASANT,SC,N
DEJKYNFZ,The Bronze Lotus,633 SEBASTIAN BLVD,SEBASTIAN,FL,Y
FZTVICXG,Matisse Co,9370 ARLINGTON EXPY,JACKSONVILLE,FL,N
ZNLUYFEH,Walgreens Store Tucson,1351 W PRINCE RD,TUCSON,AZ,N
XVGRWDPQ,Trade Secret,1640 CAMINO DEL RIO N,SAN DIEGO,CA,N
GFQRXNJA,US POST OFFICE,10 E MAIN ST,LYNCH,KY,N
VAFBLPOI,A G. POOLS & SPAS,2010 RED ROCK ST,LAS VEGAS,NV,N
QBFPSVMG,Pinnacle Entertainment,1100 ELMSHADE CT,NASHVILLE,TN,N
QZEDXIHM,Toutant Matthew General Contractor,25038 COUNTY ROUTE 138,CALCIUM,NY,N
MAXYIGTF,Levin & Schneider Inc,5759 RICKENBACKER RD,COMMERCE,CA,N
TZVHOMDP,Danielson Logging Shop,5 W HIGH ST,SAINT MARIES,ID,N
QUMCGEKS,Spot Lake Music,160 MAIN ST,FLEMINGTON,NJ,N
OIFYCMXZ,We Care of the Treasure Coast,850 NW FEDERAL HWY,STUART,FL,N
VNRSCYFZ,Wnnf,895 CENTRAL AVE STE 900,CINCINNATI,OH,Y
AXQWSGYK,Rocco Used Tires LLC,533 HAZLE ST,WILKES BARRE,PA,N
TVNEJSKI,CDM PHOTO AND DESIGN,100 LOCUST HILL AVE,YONKERS,NY,N
AXCIJOYK,kim's emporion of alcohol,2055 TEMPLE TER,CLEARWATER,FL,N
DPKWMTAJ,Indigent Defender Board,303 SAINT DENIS ST,NATCHITOCHES,LA,Y
NCERXFGM,Expressway Blues,3015 GARDNER EXPY,QUINCY,IL,N
LXNYQTPV,Powermax,1500 FARMER RD NW,CONYERS,GA,N
INTJYQFA,Sephora,3001 TEXAS SAGE TRL,FORT WORTH,TX,N
AGZKCJOS,AAA SOUTHERN PENNSYLVANIA,1000 CARLISLE ST STE 19,HANOVER,PA,N
NWBIERPK,Evergreen Rail,17814 CLARK AVE,BELLFLOWER,CA,Y
VBQOUIYN,Future Scholars Learning Academy LLC,4605 CHELWOOD DR,MEMPHIS,TN,N
LJXKTCRU,Englobal Automation,3733 14TH ST,PASCAGOULA,MS,N
WPEZUYBA,Landers Larry E PC,4973 WESLEYAN WOODS DR,MACON,GA,N
PRTMXCWY,FOOT LOCKER,1445 OVIEDO MALL BLVD,OVIEDO,FL,N
PUZTEYLD,WYTELYTE PRODUCTIONS INC.,3600 LANKERSHIM BLVD,LOS ANGELES,CA,N
SYOUBPIC,Beacon Hospice,123 W HOME AVE,HARTSVILLE,SC,N
FMVZUNOJ,Kirkland's,3101 E HIGHLAND DR,JONESBORO,AR,N
SCGJQWDU,CLC mp 1.75,32ND AVE,LONGVIEW,WA,N
IONGVATY,Jamestown Anesthesia Assoc,500 PINE ST,JAMESTOWN,NY,Y
OCPMWDJT,Park Property Management Group Llc,34 PARK ST,BROOKLINE,MA,Y
TQRGDNIC,Jeff Bohler Heating and Air,3481 COBBHAM RD,THOMSON,GA,N
TBFPVEIK,Pure Picture,6965 N WESTERN AVE,CHICAGO,IL,N
PNAHKSTB,Lincare,4015 MASSARD RD,FORT SMITH,AR,Y
CUOQLIAJ,National Consulting Engineers Inc.,7255 SW 126TH ST,PINECREST,FL,N
WOZQKXBN,OEM COMPONENTS INC. PLANT,14535 CHRISMAN RD,HOUSTON,TX,N
HKFQPVZX,The Relief Pitcher,197 CONKLIN AVE,BINGHAMTON,NY,N
CYDOTBVR,Kaur Tara Mehtab DDS,1525 COUNTY ROAD 101 N,MINNEAPOLIS,MN,N
SLBZNWEM,Hoffman Auto Sales,105 S KANSAS AVE,ELLSWORTH,KS,N
JHOCMXLV,OneMain Financial,2519 AIRPORT BLVD NW,WILSON,NC,N
SNKBERPQ,TRANSPORTATION DEPT-HIGHWAY,397271 AZ 75,DUNCAN,AZ,Y
KYMWVOBQ,Blues Bistro,1207 LIBERTY RD,SYKESVILLE,MD,N
UEFCWDHR,Homer Spit Campground,4535 HOMER SPIT RD,HOMER,AK,N
VJLXWRPF,OMNI FAMILY CREDIT UNION,465 AVENUE C,SPRINGFIELD,MI,Y
ISZMVWHN,CTA Travel,13293 SOUTH ST,CERRITOS,CA,Y
NVYLWFRU,OLIFANT DAVID M.D.,800 PEAKWOOD DR STE 5E,HOUSTON,TX,N
HIVLQFEK,Douglas J Gardner Ltd,1055 WHITNEY RANCH DR STE 220,HENDERSON,NV,Y
NHMGJOAS,Sugar Cookies Espresso,204 E SMITH ST,KENT,WA,N
EOAGHIZL,MAXWELL BETH A M.D.,562 SHEARER ST STE 103,GREENSBURG,PA,Y
GOTRAXBU,WISE DEVELOPMENTS LLC,1219 N SOUTH ST,MOUNT AIRY,NC,N
HSRJLCQI,Dollar Rent a Car,1461 N BLACKSTONE AVE,FRESNO,CA,N
RAPKWQZT,BONIFACE & DELGASE,237 N BROADWAY,MILWAUKEE,WI,N
KOEWVDFR,Barboursville Collection Center,4328 SPOTSWOOD TRL,BARBOURSVILLE,VA,Y
KNBEJSUL,Dr. Dinon Sun DO,5640 N DEAN RD,ORLANDO,FL,N
FETGRALP,Brown Educational Systems LLC,8000 CREST LN,SPRINGDALE,AR,N
JEZQBODI,Burger King,747 S MACARTHUR BLVD,COPPELL,TX,N
ZXPLHYBR,Xena Girl Inc,10914 SW 247TH TER,HOMESTEAD,FL,N
OKCQUGWT,Gomez Deli Grocery,1429 WHARTON ST,PHILADELPHIA,PA,N
NPJVMAOU,SUPER PORRAS MARKET,700 NE 3RD AVE,AMARILLO,TX,N
PZLGURFM,Wallkill Valley Land Trust,64 HUGUENOT ST,NEW PALTZ,NY,N
JZAFHULO,Fine Finish Doors,10550 SW 184TH TER,CUTLER BAY,FL,N
WQYMEDUZ,SATURDAY'S CHILD,1701 VALDEZ DR NE,ALBUQUERQUE,NM,Y
OZSHENPU,H Q Salon,4505 S PEORIA AVE,TULSA,OK,N
WFUBRYCG,General Machine,44 MADISON ST,WESTBROOK,ME,N
LEIXYJAM,FORTY PLUS OF NY INC.,470 FASHION AVE RM 403,NEW YORK,NY,N
FTPJIHSX,Sagepoint Financial Services,1666 WHIPPLE AVE NW,CANTON,OH,N
IKXVMRWS,S.T.B. Remodeling,2501 AVENUE E,BROWNWOOD,TX,N
ZIQJNVBU,Wildfire,231 ASHFORD CENTER RD,ASHFORD,CT,N
SBQUTCKM,Ferguson Fire & Fabrication,233 HARTER AVE,WOODLAND,CA,N
AKJPWRGE,Fingerlakes Florist,7200 MAIN ST,OVID,NY,N
FAXONCEH,Room 329,300 E COLLEGE AVE,EUREKA,IL,N
NPYRCKSE,Psychological & Behavioral,2535 E MOUNT HOPE AVE,LANSING,MI,N
JKVWZIDP,Radio Shack,1831 N CENTRAL AVE,MARSHFIELD,WI,N
VPWNUISJ,Homestead Church Of The Nazarene Incorporated,300 NE 15TH ST,HOMESTEAD,FL,N
ELHVSKAW,Young's Nursery,8753 WOODVILLE RD,MOUNT AIRY,MD,N
OQHCSPFU,Pure Tacos,1935 CHESTNUT ST,PHILADELPHIA,PA,N
RBKOMVLW,Miriam Skydell & Associates,351 EVELYN ST,PARAMUS,NJ,N
SHPIJRGL,Longwood Security,429 NEWBURY ST,BOSTON,MA,N
DQUNPYRW,Keller Williams Realty,35 HUNTINGTON ST,BROCKTON,MA,N
VTNUDEIR,Lewis Susan M EA,4605 LANKERSHIM BLVD STE 200,NORTH HOLLYWOOD,CA,N
TURNFBMY,Mblem Clothing,29 W MERCURY BLVD,HAMPTON,VA,N
RZAMDIYN,Century 21 American Heritage,3191 CYPRESS MILL RD,BRUNSWICK,GA,Y
AGWREYUT,D and B Engineering,4638 S WHITE LN,LITTLETON,CO,N
UASVZMQR,VIVO ENTERTAINMENT,8 MAPLE AVE,ROCKVILLE CENTRE,NY,N
MAYOQJES,CONSTANTZ JEFFREY,1180 LEXINGTON AVE,MANSFIELD,OH,N
XMPWCJOK,Dinuba Beauty Salon,182 N L ST,DINUBA,CA,N
AXNBMEYS,Law Offices Of Brent F King Pllc The,16415 NORTHCROSS DR,HUNTERSVILLE,NC,N
PYZINVAT,ARTHUR CUMMINS,494 STATE ST STE 440,SALEM,OR,N
TOXAZMYB,Anacon Power & Control,786 CONGRESS ST,DUXBURY,MA,Y
MECDLKZH,SCOOPS ICE CREAM AND SANDWICH SP,6780 BROOKLYN RD STE 700,JACKSON,MI,Y
WMYZFIUK,CHICAGO PUMP & POWER,23322 S FRONTAGE RD W,CHANNAHON,IL,N
GYTQBKOS,Chickering Field Complex,101 DEDHAM ST # 103,DOVER,MA,N
ISQFPTJG,johansen law firm llc,5407 AUGUSTA TRL,FORT COLLINS,CO,N
EFYKITNZ,Hands On Healing,2801 WALTON WAY,AUGUSTA,GA,Y
NLHQUVFK,DAVE ANDERSON,17934 W 158TH CT,OLATHE,KS,N
GERFACPU,church of spiritual awakening,821 E OAK ST,KISSIMMEE,FL,N
LNWQIMCJ,Pro Exterior Cleaning,4902 HOLLY LN,BUFORD,GA,Y
GFCPLSIK,Quest diagnostics,9500 STOCKDALE HWY,BAKERSFIELD,CA,N
KQHMLZCX,AL JAY'S BARBER SHOP,4622 INDEPENDENCE AVE,KANSAS CITY,MO,N
IWEJKPTD,RHODES DEVELOPMENT,16300 SAND CANYON AVE STE 706,IRVINE,CA,N
EGBMDAIT,Armstrong McCall Beauty Supply,417 COLISEUM BLVD,MONTGOMERY,AL,N
USWDLVKM,Ty Ry,4996 TOWNSHIP COVE RD,MARIETTA,GA,N
EMQPRGCO,Bodies Made Elegant LLP,2060 E CONTINENTAL BLVD,SOUTHLAKE,TX,N
PDAKUYRH,Orange County Public Schools,905 DORSCHER RD,ORLANDO,FL,N
TNGREXYK,Shutt Donald E CPA,2002 INWOOD TER,SCHENECTADY,NY,N
PDNUMIVT,Star Tribune,28 S MAIN ST,CHATHAM,VA,N
ASZJMFED,Stetson Saab Auto Service,1174 EASTERN RD,WARREN,ME,N
MWACQNLD,Khadijah's Oils,2932 S ROOSEVELT DR,EVANSVILLE,IN,N
OXTIDRJC,TRIAD DEVELOPMENT,5 SEPTEMBER ST,MOSCOW MILLS,MO,Y
TCUEKPDW,Greenwich Tavern,549 N 8TH ST,READING,PA,Y
YXLCOBZM,U-Haul,4030 FOLSOM CT,CONCORD,CA,Y
IVPCSEMY,Sinners Bar & Grill,1936 VETERANS MEMORIAL HWY SW,AUSTELL,GA,N
EBJXARKG,Secure Asset Reporting Services,601 108TH AVE NE,BELLEVUE,WA,N
XCBZAOFD,Glacier County Attorney,14 E MAIN ST,CUT BANK,MT,Y
LUIQWCFB,Back in the Day Cafe,2823 BEL AIR RD,FALLSTON,MD,N
TCPHFQJG,KOALATY EMBROIDERY,3416 S 48TH ST STE 5,PHOENIX,AZ,Y
CNGVPJXB,HENDERS MARYPAT,31480 N US HIGHWAY 45,LIBERTYVILLE,IL,Y
BGNTXZMP,Hot Corner Coffee,269 N HULL ST,ATHENS,GA,Y
MYTZADNU,BENEFICIAL CALIFORNIA INC,1117 MAIN ST,DELANO,CA,N
ETICOYKU,Sala John,114 N WOODLAND DR,LIVERPOOL,NY,N
TGOBKVHY,Plaza Vision,525 S MYRTLE AVE STE 107,MONROVIA,CA,N
FJCVETIK,Mortgage Affiliates Inc,7000 SECURITY BLVD STE 110,WINDSOR MILL,MD,Y
KVDTEOWY,Aduro,58 S MAPLE AVE,MARLTON,NJ,N
ODQKCYHB,Premier Board Up Co,120 S LINCOLN ST,HINSDALE,IL,Y
DAOTSNFE,dighton rhode,5 LEWIS CT,GREENWICH,CT,N
NFHJPYAT,Callegari Law Firm,15040 FAIRFIELD VILLE DR,CYPRESS,TX,N
MVNGYKAQ,Film Engine,9220 W SUNSET BLVD,WEST HOLLYWOOD,CA,N
WBGIQRPV,Odhner J Hugh Rev,1715 HUNTINGDON RD,HUNTINGDON VALLEY,PA,Y
YVQBSTIZ,MB2 Raceway,1475 LAWRENCE DR,NEWBURY PARK,CA,N
MOUDFLNG,Crossroads Baptist Church,525 MAIN ST,GILBERT,SC,N
YIBHSXUG,Scott Gregory P DDS,5110 S LAKELAND DR,LAKELAND,FL,N
FJTGUBSV,Coinstar,1629 CRESWELL LN EXT,OPELOUSAS,LA,N
DRIOEPWY,Midwest Investments,600 N CLARENCE AVE,WATSEKA,IL,N
IHVBJNLM,Randazzo's Italian Market,240 CAPITOL ST,DENHAM SPRINGS,LA,Y
SRZTGOEI,DDSO Capital,1622 BRADLEY ST,SCHENECTADY,NY,N
VULYRKGA,La Casa de Abuelita,3133 SAN GABRIEL BLVD,ROSEMEAD,CA,Y
ETHSYFVG,RUSTIC TOUCH,613 N BROADWAY ST,JOSHUA,TX,N
MFNHCYEB,Hanson Industries,19 MILLRACE DR,LYNCHBURG,VA,Y
YPLNWQCM,Stanley's Steamers Hot Dogs,320 GEARY ST,SAN FRANCISCO,CA,N
AJHMYLKO,Mom's Place,107 FORTESCUE RD,NEWPORT,NJ,N
QXSNOZFA,SCUBA Dive St. Martin With Octopus Di,26 TEATOWN RD,CROTON ON HUDSON,NY,N
LTAPNOCG,Town Of Hookerton,23 VILLAGE PARK DR,HOOKERTON,NC,N
EAWNDIUO,R-Tec Welding,237 W HOLT AVE,POMONA,CA,N
BEURTCSW,CONGRESSIONAL INFO. SERVICES,23540 COTTONWOOD PKWY,CALIFORNIA,MD,N
WZPFJOAU,Advent Pest Solutions,6410 JACOB PATRICK,SAN ANTONIO,TX,N
HGOCYUMV,DELTA CONSULTING GROUP,2051 PUEBLO,TUSTIN,CA,Y
LMUSGCFJ,Access to Money,840 MONTE ELMA RD,ELMA,WA,N
QKEAGLNS,Berkley Farms Inc,539 BERKLEY ST,BERKLEY,MA,N
HXSRBCEO,City Style,890 E 24TH ST,PATERSON,NJ,Y
RBYCNXOH,Earth Girl Creations By Linda,2224 COUNTY HIGHWAY 26,FLY CREEK,NY,N
OAJQESHV,Robert & Rita Brean,3565 SUNNY POINT DR,LAKE HAVASU CITY,AZ,N
BPIZYVQT,Rite Aid,500 W 235TH ST,BRONX,NY,N
HRFQUSIG,SWISS INTERNATIONAL FINE WATCHES AND JEWELRY IN,462 5TH AVE S,NAPLES,FL,N
XWNILBGR,U.S. Professional Services Inc.,10 MILK ST,BOSTON,MA,N
TSQHCXZF,Lobo Lodge Kennels,3278 CONCORD HENNINGS MILL RD,WILLIAMSBURG,OH,N
IAYXNHPF,K R. B. INC.,176 CREST RD,GLEN ELLYN,IL,N
SNRWVDIX,Hughes Associates,751 FOUR CHIMNEYS RD,GRAFTON,VT,N
UJPVXHNT,DUNKIN DOUGHNUT,601 FESSLERS LN,NASHVILLE,TN,N
LHJAMBUW,DOCTORS MEMORIAL HOSPITAL HOME HEALTH AGENCY,1709 S JEFFERSON ST,PERRY,FL,N
SIRVNJZU,MANEWORX INC.,18167 ROSITA ST,TARZANA,CA,N
SJMFQUNK,Goods Online,2337 NORWOOD AVE,ABINGTON,PA,N
IXLUYPDR,Twelve Paws Canine Academy,160 STANLEY CT,LAWRENCEVILLE,GA,N
MXAVTIPL,Tna Automobile Body,20 HARVARD AVE,DORCHESTER,MA,N
QSIYWCNT,McFadden Harry E MD,10060 REGENCY CIR,OMAHA,NE,N
EPFLQNBH,John Yadegar M.D.,627 W AVENUE Q STE A,PALMDALE,CA,N
XYEFBOTS,R & J Petroleum,2 JERICHO TPKE,MINEOLA,NY,N
TFUZLSCP,CHEEK T CHEEK,216 REDWOOD HWY FRONTAGE RD,MILL VALLEY,CA,N
AODGQMKX,Taco Mayo,8973 STATE HIGHWAY 34 S,QUINLAN,TX,N
MWCRVUBD,Keystone Automotive,18506 80TH PL S STE B,KENT,WA,N
MRUKLDIW,GATES RUBBER CO.,1675 ORCHARD DR,CHAMBERSBURG,PA,N
EFPOUVYM,GARY R WESTAD DC,23436 MADERO STE 120,MISSION VIEJO,CA,N
RLTDJHZS,Land Title Agency,711 E GRAND RIVER AVE,BRIGHTON,MI,N
NGKOJXLM,Craddock David DO,27660 SANTA MARGARITA PKWY,MISSION VIEJO,CA,N
HLGFBEMW,Greenberg Real Estate Inc,512 GLENMEADOW TER,MIDLOTHIAN,VA,N
YFAJPWTL,Custom Design Renovations,3612 NW 97TH BLVD,GAINESVILLE,FL,N
GUYZAMWB,Sleep Outfitters,2114 GUNBARREL RD,CHATTANOOGA,TN,N
CZVGIDPS,M-SQUARE ASSOCIATES PC,1208 N MADISON ST,ALBANY,GA,N
RCUEAMNX,LJ QUALITY REALTY CORP,15919 HORACE HARDING EXPY,FRESH MEADOWS,NY,N
KCSOHWGA,Cross & Crescent Educational,2904 CYPRESS RIDGE TRL,PORT ORANGE,FL,N
UOSYJCFW,Creative Hair Fashions,203 CONCORD RD,ANDERSON,SC,N
GONHYUBR,San Mateo Medical Group,50 S SAN MATEO DR,SAN MATEO,CA,N
NVPGQRKU,AUTO TRUCK GLASS,1929 REED ST,ORANGE PARK,FL,N
QPXLCSTV,TENNESSEE COMMUNITY HEALTH SVC.,240 FORKS OF THE RIVER PKWY,SEVIERVILLE,TN,Y
QDVOTIGA,Glam Girls Fork Kids,9655 E STOCKTON BLVD,ELK GROVE,CA,N
XLRAYGFJ,BASIC ENERGY SERVICES,12701 ENERGY RD,FORT MORGAN,CO,Y
OKPWBUCX,Floor & Decor Outlet,610 HOLCOMB BRIDGE RD,ROSWELL,GA,N
XDRVZCGN,Great Traditions,7267 HARBOUR TOWN DR,WEST CHESTER,OH,N
FCTUVOYD,Wayne Dental Care,271 OLD EAGLE SCHOOL RD # 299,WAYNE,PA,N
QUBJVTDF,Peek Towing & Recovery,850 N CASSADY AVE,COLUMBUS,OH,Y
YEUVCMHG,Beauty for Ashes Counseling,136 1/2 W WATER ST,OAK HARBOR,OH,N
MXIFYAWV,Biomems LLC,31731 VIA PERDIZ,TRABUCO CANYON,CA,N
DJUTLORZ,Kolache Factory,3359 HIGHWAY 6 S,HOUSTON,TX,N
ECQOVGXT,Orchard Material Technology,790 TURNPIKE ST STE 202,NORTH ANDOVER,MA,N
WPSILTJR,BRIDGEVIEW BANK GROUP,4553 N LINCOLN AVE,CHICAGO,IL,N
GDHUWAER,STRATATURE INC.,11625 RAINWATER DR STE 600,ALPHARETTA,GA,N
SUOTKWMJ,CARMAN AVE. SVC. STATION,865 CARMAN AVE,WESTBURY,NY,Y
OCDIQUKN,Elegante Mens Hair Stylist,3713 13TH AVE,BROOKLYN,NY,N
CGIYUQVN,Cleveland Port Auth,600 ERIESIDE AVE,CLEVELAND,OH,N
GFZNKQCL,GOTTFRIED JOE MD,439 BREEZE ST STE 200,CRAIG,CO,N
PHGOXFSM,Kalen Garr ND LMT,900 SW 13TH AVE STE M,PORTLAND,OR,N
UAIKVYSX,HALIFAX CORP,2617 GRAVEL DR,FORT WORTH,TX,N
DXPQHBVU,Building & Construction Trades Council of L A Coun,3311 W BALL RD,ANAHEIM,CA,N
FPXMZLYU,Alliance Asset Advisors,445 S FIGUEROA ST,LOS ANGELES,CA,N
ONDPGUVK,CUSTOM HOMES AND REMODELING INC,2106 WELLS AVE,SARASOTA,FL,N
BFGOKQZP,Law Lance C DDS,901 E CHAPIN ST,LITCHFIELD,IL,N
WDYEXFGK,Lampe Chrysler Dodge Jeep Ram,151 N NEELEY ST,VISALIA,CA,N
NDLHAXQC,Electronic Depot Too,1240A BURKEMONT AVE,MORGANTON,NC,N
HSFIXQVM,Genesee Management Inc,3710 ROUTE 9,FREEHOLD,NJ,N
LMQTYFZB,ARISTA INVESTORS CORP,116 JOHN ST # 18,NEW YORK,NY,N
IWNUEXBY,jason t laroche,127 MAPLE HWY,LAKE ODESSA,MI,N
BSONUJQE,T.g.i.fridays,6755 PEACH ST,ERIE,PA,Y
OPKXCJAW,Rocco Building Co Llc,11625 CUSTER RD,FRISCO,TX,N
CZISBALV,Digital Giant,353 ALCAZAR AVE,CORAL GABLES,FL,N
LBKRDJYW,Four Guys Locksmiths,1101 W AIRPORT FWY,IRVING,TX,N
BTNJGMER,D Scape Interactive,216 DAYTON ST,RIDGEWOOD,NJ,Y
GQRUWXMD,Kinetic General,11 MORROW ST,MANSFIELD,MA,N
KQPZMJWT,CHINATOWN EXPRESS,1544 CANADA BLVD,GLENDALE,CA,N
NJPESOKG,Aspire,5824 KOUBA DR,BERKELEY,IL,N
UXPLFWQH,x treme motor sports,4725 GUNDERSON RD,WATERFORD,WI,N
TORCYJNM,Orleans Rd Church of Christ,3885 ORLEANS RD,MEMPHIS,TN,N
ZMVEJAKQ,Surabhi Imports,1358 OAK TREE RD,ISELIN,NJ,Y
IPYXCGSA,Custom Tropical Travel,9209 COBB RD,RIVERVIEW,FL,Y
UCDKONTP,http://www.travelspot.us/default.aspx?tabid=3915&fpaffiliate=customtropicaltravel&caid=52133,,,,N
AZDLMQYT,Administrative Office of Pennsylvania Courts,5095 RITTER RD,MECHANICSBURG,PA,N
XVRHOENQ,BELL WINDOW CLEANING,85 MANCHESTER ST STE 1B,CONCORD,NH,N
DUWSGOJF,J M Software Engineering,8598 N 40TH ST,AUGUSTA,MI,N
PAVQECOF,glow nails,337 FULTON ST,SAN FRANCISCO,CA,N
VOSDYZJK,REVOLUTION NMR LLC,2416 DONELLA CT,FORT COLLINS,CO,N
HSKIGXAZ,HUNTINGTON BOARD OF REALTORS,640 6TH AVE,HUNTINGTON,WV,Y
SVAOHFDC,Trade Goldsmith,1010 S LONG DR,ROCKINGHAM,NC,N
PSNTUDCG,Aunt B's Longarm Quilting,140 WALCREEK DR W,GAHANNA,OH,N
FDHPRYLX,Hultman Scott R OD,1140 SHAW AVE,CLOVIS,CA,N
XTGZUBJV,MONTAGE DEVELOPMENT,31106 COAST HWY,LAGUNA BEACH,CA,N
FSZJWPRI,Plain & Simple Country,109 W CENTRE ST,SHENANDOAH,PA,N
IJDPXOZA,Michigan Carpet Cleaning and Restoration Inc.,7129 POPLAR DR,YPSILANTI,MI,N
IUMTHAKF,American Airlines,310 PLAINVIEW RD,TOPPING,VA,N
ZOGWXPIK,H.B. Reese Candy Company,925 REESE AVE,HERSHEY,PA,Y
IMNYZXRD,Country Inn,1945 25TH AVE,RICE LAKE,WI,N
WLBVJFTY,Waffle House,1227 VIRGINIA AVE,EAST POINT,GA,N
LARVIUCW,Johnson Steven O,106 S MAIN ST,UPSALA,MN,Y
EPSOWRUF,AAMCO TRANSMISSIONS,460 SPIRAL BLVD,HASTINGS,MN,N
FZRWAMYO,K S Real Estate,5441 CRENSHAW BLVD,LOS ANGELES,CA,N
MJINTBEK,Producers Tractor Co Inc,614 HIGHWAY 49,MARVELL,AR,N
ZUCALVQB,Michaelangelo Of Greenwich,353 GREENWICH AVE,GREENWICH,CT,N
NSCMKUYT,ATKINSON BUILDERS,314 HIGHVIEW AVE,KINGSPORT,TN,N
HITGRAWN,Digrigoli Real Estate,140 HOUSATONIC ST,LENOX,MA,N
JNRXMVBS,El Chontaleño,2304 BRADY AVE,LAS VEGAS,NV,N
EYTNFJBQ,Cate Thomas E Dc,2828 E 51ST ST STE 103,TULSA,OK,N
MGSOHNPU,Goodyear Auto Service Centers,7650 OSWEGO RD,LIVERPOOL,NY,N
ALRJMVIU,Aunt Lisa's Playroom Ltd,651 MARTINDALE RD,VANDALIA,OH,N
IDUKLTVP,Precision Drywall Inc.,26477 BRUNE AVE,SIOUX FALLS,SD,Y
UVEHRKTN,Anjoli's Hair & More,501 S 5TH ST,SAINT CHARLES,MO,N
NOVWHGLB,Seeno Hill,1970 EAGLE PEAK AVE,CLAYTON,CA,N
WAUDCKOT,GARVEY PROPERTIES LTD.,1801 ARGYLE SQ,BABYLON,NY,N
MHESKAJZ,Protex LLC,14 MARVINS GDNS,MORGANTOWN,WV,N
OSUZIPBV,A1 Maintenance Service,1325 BIXBY DR,CITY OF INDUSTRY,CA,N
RITADCJH,Mom's Apartment,19 IKI DR,EDGERTON,WI,N
LRGNHWJD,Jennifer Stephens Winderemere Real Estate Broker,502 STATE AVE,MARYSVILLE,WA,Y
CEVYMJHX,K & K MARKET,20885 MAIN ST E,HUNTINGDON,TN,N
DCUAQOTG,Sonshine School Frisco,7901 MAIN ST,FRISCO,TX,N
GBNLOTKU,Caseys Carry Out Pizza,610 S MONROE AVE,MASON CITY,IA,N
YEZGLTXF,TERRA DINAMICA,113 N RAILROAD AVE,DILLON,SC,N
NEUABQJV,BOBS MOBILE AUTO-TRUCK SERVICE INC,1057 SAINT JOHNS BLUFF RD N,JACKSONVILLE,FL,N
BPEYKFLC,Richard Hull Middle School Apparel Store - Duluth GA,1950 OLD PEACHTREE RD,DULUTH,GA,N
UTOSYFHJ,Birthing A Nation Global,1335 MARSHALL DR,LEESBURG,FL,N
QBKRLMDY,Realty World,780 NW BROAD ST,SOUTHERN PINES,NC,N
QEKAUNXP,SCS Unlimited,226 TIMBERLINE DR,BOZEMAN,MT,N
RYGEBPLK,Marty's Automotive,3981 SHELBYVILLE HWY,MURFREESBORO,TN,N
XQVHBTIW,SHILO BAPTIST CHURCH,607 WEST ST,ROSENBERG,TX,N
BTFDKAPR,Hospice To Heart Hospice,200 RIDGEWAY DR,SAN MARCOS,TX,N
KBPXYFRJ,Grand Canyon Railway,601 W FRANKLIN AVE,WILLIAMS,AZ,N
YJELVTCH,R & R Quickstop LLC,37750 HIGHWAY 21,LESTERVILLE,MO,N
REBALCTN,Brian's Auto Painting,25089 RUFFIAN RD,SUN CITY,CA,N
BYICESHX,Mary Ellison,405 29TH AVE,SAN MATEO,CA,N
INQSTLRB,CENTRAL VALLEY HEATING AND A C,2812 WALNUT TER,MODESTO,CA,N
ZOSLKTFW,martin douglas enterprises llc,3218 IVORY CRK,SAN ANTONIO,TX,Y
GXKPILMC,New Jersey Assn-Library,13 PARK AVE,BAYVILLE,NJ,N
FNPSHMCB,Lizzy's Place Child Care Center,36 KATANA DR,SOUTH PORTLAND,ME,N
SYRGKEBF,Newman of N Y,400 S OYSTER BAY RD,HICKSVILLE,NY,N
ITZVNPJA,Huffman Insurance Agency,4018 SYCAMORE ST,CAIRO,IL,Y
LKVFQMJO,La Pintoresca Park,45 W WASHINGTON BLVD,PASADENA,CA,N
GVCROEKY,Custom Concepts,20858 CENTRAL AVE E,BLOUNTSTOWN,FL,N
NXCZTIFW,All City Building Maintenance,7050 W 120TH AVE UNIT 200,BROOMFIELD,CO,N
ZTDAUFJM,ADT,870 BROADWAY ST,LITTLE ROCK,AR,N
UWZAMKVP,Achieving Fitness,435 BROADWAY,BAYONNE,NJ,Y
OPNSUCVW,Soft-Flow Inc,11513 GALTIER DR,BURNSVILLE,MN,N
BFYZORQL,ROMERO DOOR AND HARDWARE,765 E GREG ST STE 101,SPARKS,NV,N
LMWYPGAK,Md Construction,3137 ATLAS RD,DAVISON,MI,N
UDJFGRXV,Shell,2811 SW LOOP 410,SAN ANTONIO,TX,Y
MWYSAJPT,Creative Styles By Kim,7808 BELLFORT ST,HOUSTON,TX,Y
BEZJOUXI,HUMILITY MARY ROMAN CATHOLIC,342 E BROAD ST,DES MOINES,IA,N
HFQPTXBL,Phillips Peter C,220 MAIN ST,SALEM,NH,N
IVFTSNAE,Solano J J DDS,950 INDIAN WAY NW,LILBURN,GA,N
AHLRZEIT,SEAPAC INC,4601 WELCOME ALL RD SW,ATLANTA,GA,N
BISRVTYZ,ALL AROUND GUYS,1406 1ST ST NW,MANDAN,ND,N
IMOLKZDP,FAITH INSTALLATION SERVICES LLC,1047 COLEMAN DR,MC CALLA,AL,Y
EPLVDXCM,POS Guaranteed Financing,1491 2ND ST,SARASOTA,FL,N
ALHXVBQE,Telvent,1073 WILLA SPRINGS DR,WINTER SPRINGS,FL,N
YFWAPLUD,Lexington Deck Protectors,5951 JACKS CREEK PIKE,LEXINGTON,KY,N
PVOAWKZR,George Kiepe & Assoc,5800 HANNUM AVE STE A225,CULVER CITY,CA,N
VJUOZMKN,Volcano,5454 GEARY BLVD,SAN FRANCISCO,CA,Y
WMFNRHKZ,UNITED STATES POSTAL SERVICE,385 FARGO AVE,NOTUS,ID,N
ISHDLFAO,Juman Inc,1928 CENTRAL AVE,SOUTH EL MONTE,CA,N
ZWKTBAVL,Munguia's Construction,2222 WINTER BAY LN,HOUSTON,TX,Y
XSYTOBHZ,Unity Hospice,888 PICKWICK ST,SAVANNAH,TN,Y
PYCTDJMQ,Us Remodeling Corp,7305 BALTIMORE AVE,COLLEGE PARK,MD,N
KGIDYLRX,Katie's Place,1029 APPLE BUTTER LN,BLUE RIDGE,VA,Y
OJRDSEVM,Guenther Scott,114 2ND AVE N,ONALASKA,WI,N
VZNXTEWD,TUPPERWARE,13448 L ST,OMAHA,NE,N
TBEZXGOA,Jupiter Island Club,103 GRASSY TRL,HOBE SOUND,FL,N
PKHGRANM,Wine Centers,3875 RIDGEWAY RD,MANCHESTER,NJ,Y
SRNWFEJP,A P S Associates L L C,3859 NAZARETH PIKE,BETHLEHEM,PA,N
FEYIAXQD,THE UPS STORE,1 HEWITT DR,NORTHPORT,NY,N
XNAHICRP,LAWRENCE G KOLLOFF AND ASSOCIATES,130 W 30TH ST RM 1701,NEW YORK,NY,N
XNFEOHVZ,American Druze Society,2239 MERTON AVE,LOS ANGELES,CA,N
PZHOLBKS,City of Greenwood,101 W SCHOOL ST,GREENWOOD,WI,N
FJHINDLY,Joseph's Salon,31 COLUMBUS ST,AUBURN,NY,N
CSXHJYET,ROSSINO PLUMBING HEATING & DRAIN CLEANING,13 MILLS PT,MIDDLETON,MA,N
GJIBFRVK,Machi Community Service,5791 NW 7TH ST,MIAMI,FL,N
AJMDKXFH,USA GROCERY,2827 HOUSTON AVE,MACON,GA,N
LJHEUFBS,Mikethomas & Assoc Realty,202 E HARCOURT RD,ANGOLA,IN,Y
TUVKYDXL,Green Life Interiors,9333 BASELINE RD,RANCHO CUCAMONGA,CA,N
RKAYEZSD,Spectrum Wellness,6357 EDSALL RD,ALEXANDRIA,VA,N
IYMPOUEZ,Tapan Shah PharmD,444 W F ST,OAKDALE,CA,N
BDLPFXHQ,CYRILL MENDEZ-LLANETA MD SC,26 E 15TH AVE,GARY,IN,N
ZBEGMNFO,Doc. Com Computer Services,5801 73RD AVE N,BROOKLYN PARK,MN,Y
RSPAYOMW,Lahood Properties,1416 N AUTUMN LN,PEORIA,IL,N
YARZVKCG,studio wetz,800 JACKSON ST,DALLAS,TX,N
XZCSQITE,THURMONDS LAWN & TREE SERVICE,6251 N EAST CIRCLE DR APT D,COLUMBIA,MO,N
